taxonomy,removed_transition,remaining_n,cross_minus_adjacent,ci_lower,ci_upper,delta_vs_full
Taxonomy B,AM_vs_W,122,0.060113766919903555,-0.041600223602948995,0.17260284262315054,-0.03665813367157594
Taxonomy B,DM_vs_CM,117,0.06336924334270605,-0.04055982971233313,0.17718395152402153,-0.03340265724877345
Taxonomy B,FB_vs_DM,158,0.06492292534590721,-0.02069386384730482,0.1522515267362895,-0.031848975245572286
Taxonomy B,DM_vs_AM,155,0.075038583046385,-0.03937858975414921,0.20115030164022077,-0.0217333175450945
Taxonomy B,CM_vs_ST,158,0.08246382286042925,-0.016051105975680595,0.19186932668032078,-0.01430807773105025
Taxonomy B,DM_vs_W,158,0.0891072231693843,-0.01338398507112008,0.20078646296219751,-0.007664677422095201
Taxonomy B,FB_vs_W,156,0.09537380477653828,-0.012095748169509318,0.21037243439137016,-0.0013980958149412137
Taxonomy B,FB_vs_WB,155,0.09651758741270089,-0.006656935277762277,0.20471483996599849,-0.00025431317877860904
Taxonomy B,WB_vs_W,158,0.09738216756125706,-0.003952515666499006,0.20518461732004306,0.000610266969777562
Taxonomy B,CB_vs_FB,143,0.10428344534462358,0.00048545416339989064,0.21430843165627636,0.007511544753144084
Taxonomy B,CB_vs_DM,154,0.10557476297518259,0.0048728339935411105,0.21296500249573527,0.008802862383703092
Taxonomy B,CM_vs_AM,152,0.10774197280515102,0.005781739222327686,0.2168425780503078,0.010970072213671522
Taxonomy B,AM_vs_ST,147,0.10976538030852528,0.011344907627336333,0.21904516644244784,0.012993479717045786
Taxonomy B,W_vs_ST,146,0.11022935259544442,0.008871357112143699,0.22155591496498184,0.01345745200396492
Taxonomy B,FB_vs_CM,157,0.11148433085297133,0.005224537473234151,0.22274824927492437,0.014712430261491827
Taxonomy B,CB_vs_CM,156,0.11761124108154147,0.006619931031064175,0.23431553453988527,0.020839340490061975
Taxonomy B,CM_vs_W,152,0.15396015393332158,0.032763242539567104,0.285038065612843,0.05718825334184208
